video,caption1,caption2,caption3,caption4
3192261-uhd_3840_2160_25fps.mp4,A man enjoying a moment with two children.,A father figure bonding with two youngsters.,Sharing quality time with two kids outdoors.,A cheerful scene of a man and two children together.
5538137-hd_1920_1080_25fps.mp4,A proud fisherman showing off his catch in a small boat.,A man holding a fish triumphantly on a peaceful lake.,A successful fishing moment captured in a boat.,"Beaming with pride, he displays his fresh catch on board."
854123-hd_1920_1080_25fps.mp4,A peaceful afternoon reading the news on a park bench.,A man completely lost in his newspaper as he sits outdoors.,Quiet moments spent catching up on current events.,"Immersed in print, he enjoys his break on a bench."
2023708-hd_720_1280_30fps.mp4,Gazing at the wing from a cozy window seat mid-flight.,A serene view of the airplane wing cutting through the clouds.,Classic travel shot: the wing seen from inside the cabin.,Watching the world from above through the airplane window.
13822273_3840_2160_25fps.mp4,A focused scientist analyzing a sample in her lab.,"Peering through the microscope, she explores the microscopic world.","Engaged in research, she observes tiny details with precision.",A lab technician investigating a slide with careful attention.
5886742-uhd_2160_3840_24fps.mp4,Two friends pause for a moment outside a brick building.,"Standing side by side, the girls pose in front of red bricks.",A candid moment of two girls near an old brick wall.,"Sharing a laugh outside, framed by rustic architecture."
3015510-hd_1920_1080_24fps.mp4,A festive scene with a woman near a balloon-covered van.,"Ready for celebration, she poses next to a cheerful van.",The woman stands proudly beside a van bursting with colors.,A joyful moment beside a van decked in party balloons.
4861239-uhd_2160_4096_25fps.mp4,"Carefully balancing books, she moves through the hushed library.","Surrounded by knowledge, she carries a heavy load of books.","A quiet dedication to reading, shown in her arms full of books.","She walks with purpose, arms full of literature in the library."
8616763-hd_1080_1920_25fps.mp4,A couple staying safe with masks during the pandemic.,"Together, they navigate public life with COVID precautions.","Face masks on, they walk side by side through uncertain times.",A quiet reminder of pandemic lifeâ€”two people masked and alert.
